{
	"name":"people_fall_down_",
	"classesNumber": 2,
	"bigBoundingBoxPriors":[[1.3932236842105261,3.5533333333333332],[2.193622248427673,5.261661425576521],[3.7194674744897966,4.465986394557824]],
	"mediumBoundingBoxPriors":[[2.1816653481012658,8.914873417721516],[5.636091820987656,3.5786779835390945],[3.682442434210526,6.430866228070176]],
	"smallBoundingBoxPriors":[[5.053609913793102,5.353294334975367],[3.267487582781456,10.02137141280353],[4.611715011961724,7.228399122807014]],
	"learningRate": 1.0E-4,
	"dataDir": "/Users/wenfengxu/Downloads/dataset/people_fall_down",
	"batchSize": 4,
	"epochs": 10,
	"randomSeed": 7854,
	"lamdbaCoord": 1.0,
	"lamdbaNoObject": 0.5,
	"imageFormat": ".jpg",
	"modelSavePath":"/Users/wenfengxu/Downloads/people_fall_down"
}
